,datetime,timestamp,user_id,level,task,hr,gsr,rr,temperature,TLX_mean,TLX_mental_demand,TLX_physical_demand,TLX_temporal_demand,TLX_performance,TLX_effort,TLX_frustration,band_ax,band_ay,band_az,opacity_median,opacity_std
0,2017-10-19 15:37:17,1508427436507,ibvx8,1,n2,76.33333333333333,0.3089743676424226,0.7411093333333333,33.34999847412107,-1,-1,-1,-1,-1,-1,-1,-0.1386313333333333,-0.3033036666666663,0.9323325000000012,-1.0,-1.0
1,2017-10-19 15:58:53,1508428732499,ibvx8,rest,HPrest,74.33333333333333,1.3020848050554548,0.7577013333333312,34.840000152587834,-1,-1,-1,-1,-1,-1,-1,0.3646239999999978,-0.236938666666667,0.886271166666666,-1.0,-1.0
2,2017-10-19 16:00:43,1508428842496,ibvx8,rest,HPrest,72.66666666666667,1.3580878244732524,0.796415999999998,34.860000610351534,-1,-1,-1,-1,-1,-1,-1,-0.024617666666669,-0.3868408333333332,0.624104666666666,-1.0,-1.0
3,2017-10-19 16:03:17,1508428996489,ibvx8,rest,HPrest,69.66666666666667,1.1299444646131471,0.857253333333332,34.840000152587834,-1,-1,-1,-1,-1,-1,-1,0.001261383333332,-0.706868333333334,0.584838666666666,-1.0,-1.0
4,2017-10-19 16:15:21,1508429720490,ibvx8,rest,GCrest,64.33333333333333,1.3663318679770338,0.9623359999999948,35.13999938964832,-1,-1,-1,-1,-1,-1,-1,0.5686036666666671,-0.2593996666666679,0.692830333333332,-1.0,-1.0
5,2017-10-19 16:16:58,1508429817494,ibvx8,rest,GCrest,72.33333333333333,1.3788178227958658,0.4147999999999958,35.099998474121,-1,-1,-1,-1,-1,-1,-1,0.284261,-0.102783166666668,0.7493488333333321,-1.0,-1.0
6,2017-10-19 16:19:04,1508429943497,ibvx8,rest,GCrest,70.33333333333333,1.9120505493089253,0.7798239999999956,35.00999832153311,-1,-1,-1,-1,-1,-1,-1,0.8213704999999999,0.0955810499999983,0.5363363333333336,-1.0,-1.0
7,2017-10-19 15:45:34,1508427933355,ibvx8,rest,n3_rest,71.0,1.0394799756530688,0.7355786666666647,34.38999938964839,-1,-1,-1,-1,-1,-1,-1,0.945271833333333,0.287313,0.1005859000000019,-1.0,-1.0
8,2017-10-19 16:37:04,1508431023499,ibvx8,1,PT,73.66666666666667,1.7271397058935196,0.9236213333333284,34.90999984741194,19,3,3,3,3,3,4,0.0350748666666673,0.2348225499999973,0.941243500000002,0.156862745098,0.0837417902118394
9,2017-10-19 16:29:08,1508430547491,ibvx8,rest,SXrest,67.0,1.670243956029888,0.6415573333333294,34.83000183105451,-1,-1,-1,-1,-1,-1,-1,0.4581701666666682,-0.4784341666666693,0.3108316666666664,-1.0,-1.0
10,2017-10-19 16:31:23,1508430682494,ibvx8,rest,SXrest,66.33333333333333,1.773901925591123,0.6139039999999959,34.74999999999983,-1,-1,-1,-1,-1,-1,-1,0.5543213333333338,-0.2180988333333362,0.1291911666666672,-1.0,-1.0
11,2017-10-19 16:35:57,1508430956498,ibvx8,rest,SXrest,75.0,1.7255856116882484,0.7411093333333291,34.90999984741194,-1,-1,-1,-1,-1,-1,-1,0.1479490166666673,-0.413126833333336,0.8503418333333349,-1.0,-1.0
12,2017-10-19 16:06:01,1508429160490,ibvx8,2,FA,70.66666666666667,1.2608872374594435,0.7853546666666645,34.99999999999991,20,5,3,1,4,3,4,0.923095333333332,0.317301333333332,0.1767579999999989,0.1372549019605,0.1060806663773493
13,2017-10-19 16:09:21,1508429360492,ibvx8,1,FA,71.66666666666667,1.474202185816093,0.7964159999999962,34.99999999999991,25,4,3,4,5,4,5,0.8252766666666655,0.550007999999999,-0.0507812333333341,0.101960784314,0.2021584581607509
14,2017-10-19 16:12:24,1508429543494,ibvx8,0,FA,72.33333333333333,1.2500635139624905,1.0397653333333303,35.130001068115114,24,4,3,4,5,3,5,0.9042153333333328,0.4059246666666651,0.0688069833333322,0.125490196078,0.0271350979191184
15,2017-10-19 15:40:34,1508427633491,ibvx8,rest,n2_rest,75.33333333333333,0.4515606162565668,0.470106666666667,33.84000015258787,-1,-1,-1,-1,-1,-1,-1,0.0853271666666666,-0.4204509999999996,0.7382815000000016,-1.0,-1.0
16,2017-10-19 16:20:49,1508430048497,ibvx8,rest,NCrest,66.33333333333333,1.8379680038863129,0.9014986666666625,34.959999084472585,-1,-1,-1,-1,-1,-1,-1,0.0183919216666664,-0.5812580000000017,0.7906493333333335,-1.0,-1.0
17,2017-10-19 16:24:22,1508430261495,ibvx8,rest,NCrest,72.66666666666667,1.4742277983309506,0.7632319999999971,34.919998168945106,-1,-1,-1,-1,-1,-1,-1,-0.3468016666666658,-0.0490722833333355,0.9065348333333332,-1.0,-1.0
18,2017-10-19 16:27:31,1508430450502,ibvx8,rest,NCrest,69.0,1.5800411850590506,0.7577013333333298,34.84000015258772,-1,-1,-1,-1,-1,-1,-1,0.1197916833333342,-0.7395425000000024,-0.4633383999999999,-1.0,-1.0
19,2017-10-19 15:42:34,1508427753494,ibvx8,2,n3,78.0,0.4162440485818655,0.7577013333333324,34.080001831054666,-1,-1,-1,-1,-1,-1,-1,0.2401528333333332,-0.1231279999999998,0.9529623333333348,-1.0,-1.0
20,2017-10-19 16:19:53,1508429992519,ibvx8,0,NC,71.0,1.8543038331114692,0.8406613333333289,34.97999954223621,16,2,2,4,2,3,3,0.7494303333333329,-0.0464679666666683,0.6236166666666666,0.117647058824,0.0239611801040982
21,2017-10-19 16:23:33,1508430212492,ibvx8,2,NC,71.0,1.5617640168818914,0.7659973333333306,34.93000030517564,20,4,2,3,3,4,4,0.8815105000000001,0.3374839999999984,0.2643636666666666,0.101960784314,0.0100382819362185
22,2017-10-19 16:26:23,1508430382497,ibvx8,1,NC,68.0,1.512971797906676,0.9014986666666636,34.9099998474119,19,4,3,3,2,3,4,-0.0332845166666657,-0.9315186666666692,0.2602131666666664,0.101960784314,0.0105756841170408
23,2017-10-19 15:57:50,1508428669500,ibvx8,2,HP,76.33333333333333,1.3315910396757922,0.7742933333333317,34.860000610351534,15,2,2,3,2,3,3,0.0762532333333314,0.0801594999999996,0.9879556666666665,0.2823529411765,0.1322524430846076
24,2017-10-19 15:59:47,1508428786503,ibvx8,0,HP,76.0,1.2970226796854618,0.8074773333333315,34.840000152587834,16,3,2,3,2,3,3,0.2128906666666643,0.0319824333333328,0.9680176666666656,0.137254901961,0.0358703862326134
25,2017-10-19 16:01:52,1508428911494,ibvx8,1,HP,73.66666666666667,0.8771605955878782,1.001050666666665,34.83000183105462,18,3,2,2,3,4,4,0.817219999999998,0.2479653333333332,0.4938964999999998,0.109803921569,0.0551627791681545
26,2017-10-19 16:28:07,1508430486494,ibvx8,0,SX,71.33333333333333,1.5321044917150974,0.8461919999999964,34.84000015258772,16,3,2,3,2,3,3,0.8238118333333345,0.4477538333333311,0.3245035000000002,0.262745098039,0.1941077438554357
27,2017-10-19 16:30:31,1508430630493,ibvx8,1,SX,75.33333333333333,1.8165538880816008,0.7245173333333296,34.79999923706032,23,4,3,4,3,4,5,0.8248698333333341,0.447794666666664,0.2622073333333337,0.109803921569,0.1176346087406196
28,2017-10-19 16:34:25,1508430864497,ibvx8,2,SX,65.0,1.6866965115413617,1.0231733333333286,34.81999969482402,19,4,3,2,3,3,4,0.8809000000000005,0.3291423333333308,0.2921141666666678,0.1019607843139,0.0306953044827448
29,2017-10-19 16:07:01,1508429220495,ibvx8,rest,FArest,74.33333333333333,1.3141833927044264,0.8517226666666646,35.0499992370604,-1,-1,-1,-1,-1,-1,-1,0.6031494999999987,-0.0968831666666678,0.3913981666666656,-1.0,-1.0
30,2017-10-19 16:10:23,1508429422496,ibvx8,rest,FArest,69.33333333333333,1.49352239787774,0.8406613333333297,35.06000137329089,-1,-1,-1,-1,-1,-1,-1,0.4181316666666659,-0.5978188333333347,0.3253173333333324,-1.0,-1.0
31,2017-10-19 16:13:57,1508429636496,ibvx8,rest,FArest,77.0,1.5731679980370323,0.7770586666666622,35.11333211263013,-1,-1,-1,-1,-1,-1,-1,0.2238768333333332,-0.2332764000000011,0.878824999999999,-1.0,-1.0
32,2017-10-19 16:38:08,1508431087490,ibvx8,rest,PTrest,69.0,1.6366699649667098,0.8959679999999958,34.90999984741194,-1,-1,-1,-1,-1,-1,-1,-0.1326904999999996,-0.4292805000000028,0.8638101666666689,-1.0,-1.0
33,2017-10-19 16:16:08,1508429767498,ibvx8,2,GC,69.33333333333333,1.3576881673012522,0.857253333333329,35.1100006103515,21,4,3,3,4,3,4,0.3563235000000002,-0.0904947333333346,0.8328451666666656,0.121568627451,0.0101254466563615
34,2017-10-19 16:17:30,1508429849499,ibvx8,0,GC,69.0,1.5083779840250706,0.7355786666666627,35.0900001525878,17,3,2,3,3,3,3,0.3330893333333334,-0.2651773333333347,0.887898833333333,0.1176470588234999,0.0110918710768675
